strategy,k,queries,judged_results,mean_ndcg,mean_relevance_score,precision_at_k,hit_rate_at_k,mrr_at_k,source_chunk_hit_at_k,relevance_threshold,majority_precision_at_k,majority_hit_rate_at_k,majority_mrr_at_k,mean_judge_std,queries_timed,mean_elapsed_seconds,median_elapsed_seconds,p95_elapsed_seconds,total_elapsed_seconds
sparse,5,10,50,0.8054945816074731,1.32,0.38,0.7,0.62,0.6,2,0.52,1.0,0.8033333333333333,0.5422505330973266,10,0.3470900000002075,0.2876887499996883,0.5839880800009264,3.470900000002075
dense,3,10,30,0.9521197776668956,1.9533333333333331,0.6333333333333333,0.9,0.8333333333333334,0.7,2,0.7666666666666666,1.0,0.95,0.6735224885568326,10,3.297380940000403,3.4917672000001403,4.288777640000716,32.97380940000403
hybrid_rrf,3,10,30,0.8341347978774202,1.7333333333333332,0.5666666666666667,0.8,0.7,0.6,2,0.7333333333333333,0.9,0.85,0.563292340077568,10,3.08432703999988,3.029523799999879,3.498291775000598,30.8432703999988
graph_expanded_hybrid,5,10,50,0.8635663439255454,1.72,0.52,0.8,0.5866666666666667,0.4,2,0.5599999999999999,0.8,0.6833333333333333,0.3154013125775017,10,9.463000689999898,8.650895450000462,16.415500719999905,94.63000689999899
graph_expanded_hybrid_reranked,5,10,50,0.8812456362697259,1.576,0.42000000000000004,0.6,0.4666666666666667,0.5,2,0.5,0.9,0.6666666666666667,0.3329343440195712,10,11.43260463000006,10.507433099999616,19.55228686000027,114.3260463000006
